<?xml version="1.0" encoding="UTF-8"?>
<project name="module_pythontests" default="compile.module.pythontests">
  <dirname property="module.pythontests.basedir" file="${ant.file.module_pythontests}"/>
  
  <property name="module.jdk.home.pythontests" value="${project.jdk.home}"/>
  <property name="module.jdk.bin.pythontests" value="${project.jdk.bin}"/>
  <property name="module.jdk.classpath.pythontests" value="${project.jdk.classpath}"/>
  
  <property name="compiler.args.pythontests" value="-encoding UTF-8 -source 10 -target 10 ${compiler.args}"/>
  
  <property name="pythontests.output.dir" value="${module.pythontests.basedir}/out/production/PythonTests"/>
  <property name="pythontests.testoutput.dir" value="${module.pythontests.basedir}/out/test/PythonTests"/>
  
  <path id="pythontests.module.bootclasspath">
    <!-- Paths to be included in compilation bootclasspath -->
  </path>
  
  <path id="pythontests.module.production.classpath">
    <path refid="${module.jdk.classpath.pythontests}"/>
  </path>
  
  <path id="pythontests.runtime.production.module.classpath">
    <pathelement location="${pythontests.output.dir}"/>
  </path>
  
  <path id="pythontests.module.classpath">
    <path refid="${module.jdk.classpath.pythontests}"/>
    <pathelement location="${pythontests.output.dir}"/>
  </path>
  
  <path id="pythontests.runtime.module.classpath">
    <pathelement location="${pythontests.testoutput.dir}"/>
    <pathelement location="${pythontests.output.dir}"/>
  </path>
  
  
  <patternset id="excluded.from.module.pythontests">
    <patternset refid="ignored.files"/>
  </patternset>
  
  <patternset id="excluded.from.compilation.pythontests">
    <patternset refid="excluded.from.module.pythontests"/>
  </patternset>
  
  
  <target name="compile.module.pythontests" depends="compile.module.pythontests.production,compile.module.pythontests.tests" description="Compile module PythonTests"/>
  
  <target name="compile.module.pythontests.production" depends="register.custom.compilers" description="Compile module PythonTests; production classes"/>
  
  <target name="compile.module.pythontests.tests" depends="register.custom.compilers,compile.module.pythontests.production" description="compile module PythonTests; test classes" unless="skip.tests"/>
  
  <target name="clean.module.pythontests" description="cleanup module">
    <delete dir="${pythontests.output.dir}"/>
    <delete dir="${pythontests.testoutput.dir}"/>
  </target>
</project>